{
  
  "bindings": {
    "/actions/buggy": {
      "chords": [],
      "poses": [],
      "haptics": [],
      "sources": [],
      "skeleton": []
    },
    "/actions/default": {
      "chords": [],
      "poses": [],
      "haptics": [],
      "sources": [
        {
          "path": "/user/hand/left/input/grip",
          "mode": "button",
          "parameters": {},
          "inputs": {
            "click": {
              "output": "/actions/default/in/clickgrip"
            }
          }
        },
        {
          "path": "/user/hand/right/input/grip",
          "mode": "button",
          "parameters": {},
          "inputs": {
            "click": {
              "output": "/actions/default/in/clickgrip"
            }
          }
        },
        {
          "path": "/user/hand/left/input/application_menu",
          "mode": "button",
          "parameters": {},
          "inputs": {
            "click": {
              "output": "/actions/default/in/clickmenu"
            }
          }
        },
        {
          "path": "/user/hand/right/input/application_menu",
          "mode": "button",
          "parameters": {},
          "inputs": {
            "click": {
              "output": "/actions/default/in/clickmenu"
            }
          }
        },
        {
          "path": "/user/hand/left/input/trigger",
          "mode": "trigger",
          "parameters": {},
          "inputs": {
            "click": {
              "output": "/actions/default/in/clicktrigger"
            },
            "pull": {
              "output": "/actions/default/in/pulltrigger"
            }
          }
        },
        {
          "path": "/user/hand/right/input/trigger",
          "mode": "trigger",
          "parameters": {},
          "inputs": {
            "click": {
              "output": "/actions/default/in/clicktrigger"
            },
            "pull": {
              "output": "/actions/default/in/pulltrigger"
            }
          }
        },
        {
          "path": "/user/hand/left/input/trackpad",
          "mode": "trackpad",
          "parameters": {},
          "inputs": {
            "click": {
              "output": "/actions/default/in/clicktrackpad"
            },
            "position": {
              "output": "/actions/default/in/positiontrackpad"
            },
            "touch": {
              "output": "/actions/default/in/touchtrackpad"
            }
          }
        },
        {
          "path": "/user/hand/right/input/trackpad",
          "mode": "trackpad",
          "parameters": {},
          "inputs": {
            "click": {
              "output": "/actions/default/in/clicktrackpad"
            },
            "position": {
              "output": "/actions/default/in/positiontrackpad"
            },
            "touch": {
              "output": "/actions/default/in/touchtrackpad"
            }
          }
        },
        {
          "path": "/user/hand/left/input/system",
          "mode": "button",
          "parameters": {},
          "inputs": {
            "click": {
              "output": "/actions/default/in/clicksystem"
            }
          }
        },
        {
          "path": "/user/hand/right/input/system",
          "mode": "button",
          "parameters": {},
          "inputs": {
            "click": {
              "output": "/actions/default/in/clicksystem"
            }
          }
        }
      ],
      "skeleton": [
        {
          "output": "/actions/default/in/skeletonlefthand",
          "path": "/user/hand/left/input/skeleton/left"
        },
        {
          "output": "/actions/default/in/skeletonrighthand",
          "path": "/user/hand/right/input/skeleton/right"
        }
      ]
    },
    "/actions/platformer": {
      "chords": [],
      "poses": [],
      "haptics": [],
      "sources": [],
      "skeleton": []
    }
  },
  "controller_type": "vive_controller",
  "description": "",
  "name": "VirtualMotionCapture Config for Vive Controller"
}