{
    "AutoBlinkEnable":true,
    "BackCameraLookTargetSettings":null,
    "BackgroundColor":{
        "a":1,
        "b":1,
        "g":0.831372559,
        "r":0.68235296
    },
    "BlinkTimeMax":10,
    "BlinkTimeMin":1,
    "CameraMirrorEnable":false,
    "CameraType":1,
    "CloseAnimationTime":0.06,
    "ClosingTime":0.1,
    "CustomBackgroundColor":{
        "a":1,
        "b":1,
        "g":0.831372559,
        "r":0.68235296
    },
    "DefaultFace":"通常(NEUTRAL)",
    "DeleteHairNormalMap":true,
    "EnableNormalMapFix":true,
    "FreeCameraTransform":{
        "localPosition":{
            "x":0.869873643,
            "y":1.34042609,
            "z":1.29499626
        },
        "localRotation":{
            "eulerAngles":{
                "x":-0,
                "y":197.3616,
                "z":0
            },
            "w":-0.1509297,
            "x":0,
            "y":0.9885445,
            "z":0
        },
        "localScale":{
            "x":1,
            "y":1,
            "z":1
        },
        "position":{
            "x":0.869873643,
            "y":1.34042609,
            "z":1.29499626
        },
        "rotation":{
            "eulerAngles":{
                "x":-0,
                "y":197.3616,
                "z":0
            },
            "w":-0.1509297,
            "x":0,
            "y":0.9885445,
            "z":0
        }
    },
    "FrontCameraLookTargetSettings":{
        "Distance":1.4000001,
        "Offset":{
            "x":0,
            "y":0.0626027361,
            "z":0
        }
    },
    "Head":{
        "m_Item1":1,
        "m_Item2":null
    },
    "HideBorder":false,
    "IsOculus":false,
    "IsTopMost":false,
    "IsTransparent":false,
    "KeyActions":[
        {
            "FaceAction":false,
            "FaceNames":null,
            "FaceStrength":null,
            "Function":0,
            "FunctionAction":true,
            "Hand":0,
            "HandAction":false,
            "HandAngles":null,
            "HandChangeTime":0.1,
            "IsKeyUp":false,
            "KeyConfigs":[
                {
                    "actionType":0,
                    "isLeft":false,
                    "isOculus":false,
                    "isTouch":false,
                    "keyCode":27,
                    "keyIndex":0,
                    "keyName":"Esc",
                    "type":1
                }
            ],
            "LipSyncMaxLevel":1,
            "Name":"コントロールパネル再表示",
            "OnlyPress":true,
            "SoftChange":false,
            "StopBlink":false
        },{
            "FaceAction":false,
            "FaceNames":null,
            "FaceStrength":null,
            "Function":1,
            "FunctionAction":true,
            "Hand":0,
            "HandAction":false,
            "HandAngles":null,
            "HandChangeTime":0.1,
            "IsKeyUp":false,
            "KeyConfigs":[
                {
                    "actionType":0,
                    "isLeft":false,
                    "isOculus":false,
                    "isTouch":false,
                    "keyCode":160,
                    "keyIndex":0,
                    "keyName":"左Shift",
                    "type":1
                },{
                    "actionType":0,
                    "isLeft":false,
                    "isOculus":false,
                    "isTouch":false,
                    "keyCode":49,
                    "keyIndex":0,
                    "keyName":"1",
                    "type":1
                }
            ],
            "LipSyncMaxLevel":1,
            "Name":"背景GB",
            "OnlyPress":true,
            "SoftChange":false,
            "StopBlink":false
        },{
            "FaceAction":false,
            "FaceNames":null,
            "FaceStrength":null,
            "Function":2,
            "FunctionAction":true,
            "Hand":0,
            "HandAction":false,
            "HandAngles":null,
            "HandChangeTime":0.1,
            "IsKeyUp":false,
            "KeyConfigs":[
                {
                    "actionType":0,
                    "isLeft":false,
                    "isOculus":false,
                    "isTouch":false,
                    "keyCode":160,
                    "keyIndex":0,
                    "keyName":"左Shift",
                    "type":1
                },{
                    "actionType":0,
                    "isLeft":false,
                    "isOculus":false,
                    "isTouch":false,
                    "keyCode":50,
                    "keyIndex":0,
                    "keyName":"2",
                    "type":1
                }
            ],
            "LipSyncMaxLevel":1,
            "Name":"背景BB",
            "OnlyPress":true,
            "SoftChange":false,
            "StopBlink":false
        },{
            "FaceAction":false,
            "FaceNames":null,
            "FaceStrength":null,
            "Function":3,
            "FunctionAction":true,
            "Hand":0,
            "HandAction":false,
            "HandAngles":null,
            "HandChangeTime":0.1,
            "IsKeyUp":false,
            "KeyConfigs":[
                {
                    "actionType":0,
                    "isLeft":false,
                    "isOculus":false,
                    "isTouch":false,
                    "keyCode":160,
                    "keyIndex":0,
                    "keyName":"左Shift",
                    "type":1
                },{
                    "actionType":0,
                    "isLeft":false,
                    "isOculus":false,
                    "isTouch":false,
                    "keyCode":51,
                    "keyIndex":0,
                    "keyName":"3",
                    "type":1
                }
            ],
            "LipSyncMaxLevel":1,
            "Name":"背景白",
            "OnlyPress":true,
            "SoftChange":false,
            "StopBlink":false
        },{
            "FaceAction":false,
            "FaceNames":null,
            "FaceStrength":null,
            "Function":4,
            "FunctionAction":true,
            "Hand":0,
            "HandAction":false,
            "HandAngles":null,
            "HandChangeTime":0.1,
            "IsKeyUp":false,
            "KeyConfigs":[
                {
                    "actionType":0,
                    "isLeft":false,
                    "isOculus":false,
                    "isTouch":false,
                    "keyCode":160,
                    "keyIndex":0,
                    "keyName":"左Shift",
                    "type":1
                },{
                    "actionType":0,
                    "isLeft":false,
                    "isOculus":false,
                    "isTouch":false,
                    "keyCode":52,
                    "keyIndex":0,
                    "keyName":"4",
                    "type":1
                }
            ],
            "LipSyncMaxLevel":1,
            "Name":"背景カスタム",
            "OnlyPress":true,
            "SoftChange":false,
            "StopBlink":false
        },{
            "FaceAction":false,
            "FaceNames":null,
            "FaceStrength":null,
            "Function":6,
            "FunctionAction":true,
            "Hand":0,
            "HandAction":false,
            "HandAngles":null,
            "HandChangeTime":0.1,
            "IsKeyUp":false,
            "KeyConfigs":[
                {
                    "actionType":0,
                    "isLeft":false,
                    "isOculus":false,
                    "isTouch":false,
                    "keyCode":162,
                    "keyIndex":0,
                    "keyName":"左Ctrl",
                    "type":1
                },{
                    "actionType":0,
                    "isLeft":false,
                    "isOculus":false,
                    "isTouch":false,
                    "keyCode":49,
                    "keyIndex":0,
                    "keyName":"1",
                    "type":1
                }
            ],
            "LipSyncMaxLevel":1,
            "Name":"フロントカメラ",
            "OnlyPress":true,
            "SoftChange":false,
            "StopBlink":false
        },{
            "FaceAction":false,
            "FaceNames":null,
            "FaceStrength":null,
            "Function":7,
            "FunctionAction":true,
            "Hand":0,
            "HandAction":false,
            "HandAngles":null,
            "HandChangeTime":0.1,
            "IsKeyUp":false,
            "KeyConfigs":[
                {
                    "actionType":0,
                    "isLeft":false,
                    "isOculus":false,
                    "isTouch":false,
                    "keyCode":162,
                    "keyIndex":0,
                    "keyName":"左Ctrl",
                    "type":1
                },{
                    "actionType":0,
                    "isLeft":false,
                    "isOculus":false,
                    "isTouch":false,
                    "keyCode":50,
                    "keyIndex":0,
                    "keyName":"2",
                    "type":1
                }
            ],
            "LipSyncMaxLevel":1,
            "Name":"バックカメラ",
            "OnlyPress":true,
            "SoftChange":false,
            "StopBlink":false
        },{
            "FaceAction":false,
            "FaceNames":null,
            "FaceStrength":null,
            "Function":8,
            "FunctionAction":true,
            "Hand":0,
            "HandAction":false,
            "HandAngles":null,
            "HandChangeTime":0.1,
            "IsKeyUp":false,
            "KeyConfigs":[
                {
                    "actionType":0,
                    "isLeft":false,
                    "isOculus":false,
                    "isTouch":false,
                    "keyCode":162,
                    "keyIndex":0,
                    "keyName":"左Ctrl",
                    "type":1
                },{
                    "actionType":0,
                    "isLeft":false,
                    "isOculus":false,
                    "isTouch":false,
                    "keyCode":51,
                    "keyIndex":0,
                    "keyName":"3",
                    "type":1
                }
            ],
            "LipSyncMaxLevel":1,
            "Name":"フリーカメラ",
            "OnlyPress":true,
            "SoftChange":false,
            "StopBlink":false
        },{
            "FaceAction":false,
            "FaceNames":null,
            "FaceStrength":null,
            "Function":0,
            "FunctionAction":false,
            "Hand":0,
            "HandAction":true,
            "HandAngles":[
                -82,-90,-90,3,-42,-90,-90,3,-7,-7,-8,10,-7,-7,0,-8,-90,-90,12,34
            ],
            "HandChangeTime":0.1,
            "IsKeyUp":false,
            "KeyConfigs":[
                {
                    "actionType":1,
                    "isLeft":true,
                    "isOculus":false,
                    "isTouch":false,
                    "keyCode":32,
                    "keyIndex":1,
                    "keyName":null,
                    "type":0
                }
            ],
            "LipSyncMaxLevel":1,
            "Name":"チョキ",
            "OnlyPress":false,
            "SoftChange":false,
            "StopBlink":false
        },{
            "FaceAction":false,
            "FaceNames":null,
            "FaceStrength":null,
            "Function":0,
            "FunctionAction":false,
            "Hand":0,
            "HandAction":true,
            "HandAngles":[
                0,-1,-1,3,-42,-90,-90,3,-30,-97,-74,0,0,-7,0,-8,-39,-59,8,25
            ],
            "HandChangeTime":0.1,
            "IsKeyUp":false,
            "KeyConfigs":[
                {
                    "actionType":1,
                    "isLeft":true,
                    "isOculus":false,
                    "isTouch":false,
                    "keyCode":32,
                    "keyIndex":2,
                    "keyName":null,
                    "type":0
                }
            ],
            "LipSyncMaxLevel":1,
            "Name":"ロックンロール",
            "OnlyPress":false,
            "SoftChange":false,
            "StopBlink":false
        },{
            "FaceAction":false,
            "FaceNames":null,
            "FaceStrength":null,
            "Function":0,
            "FunctionAction":false,
            "Hand":0,
            "HandAction":true,
            "HandAngles":[
                -90,-90,-90,0,-90,-90,-90,0,-74,-89,-75,0,-2,-2,-2,0,55,33,-9,4
            ],
            "HandChangeTime":0.1,
            "IsKeyUp":false,
            "KeyConfigs":[
                {
                    "actionType":1,
                    "isLeft":true,
                    "isOculus":false,
                    "isTouch":false,
                    "keyCode":32,
                    "keyIndex":3,
                    "keyName":null,
                    "type":0
                }
            ],
            "LipSyncMaxLevel":1,
            "Name":"銃",
            "OnlyPress":false,
            "SoftChange":false,
            "StopBlink":false
        },{
            "FaceAction":false,
            "FaceNames":null,
            "FaceStrength":null,
            "Function":0,
            "FunctionAction":false,
            "Hand":0,
            "HandAction":true,
            "HandAngles":[
                -90,-90,-90,0,-90,-90,-90,0,-90,-90,-90,0,-90,-90,-90,0,55,33,-9,4
            ],
            "HandChangeTime":0.1,
            "IsKeyUp":false,
            "KeyConfigs":[
                {
                    "actionType":1,
                    "isLeft":true,
                    "isOculus":false,
                    "isTouch":false,
                    "keyCode":32,
                    "keyIndex":4,
                    "keyName":null,
                    "type":0
                }
            ],
            "LipSyncMaxLevel":1,
            "Name":"サムズアップ",
            "OnlyPress":false,
            "SoftChange":false,
            "StopBlink":false
        },{
            "FaceAction":false,
            "FaceNames":null,
            "FaceStrength":null,
            "Function":0,
            "FunctionAction":false,
            "Hand":0,
            "HandAction":true,
            "HandAngles":[
                -82,-90,-90,3,-42,-90,-90,3,-25,-92,-90,10,-7,-7,0,-8,-90,-90,12,34
            ],
            "HandChangeTime":0.1,
            "IsKeyUp":false,
            "KeyConfigs":[
                {
                    "actionType":1,
                    "isLeft":true,
                    "isOculus":false,
                    "isTouch":false,
                    "keyCode":32,
                    "keyIndex":5,
                    "keyName":null,
                    "type":0
                }
            ],
            "LipSyncMaxLevel":1,
            "Name":"指差し",
            "OnlyPress":false,
            "SoftChange":false,
            "StopBlink":false
        },{
            "FaceAction":false,
            "FaceNames":null,
            "FaceStrength":null,
            "Function":0,
            "FunctionAction":false,
            "Hand":0,
            "HandAction":true,
            "HandAngles":[
                -90,-90,-90,0,-90,-90,-90,0,-90,-90,-90,0,-90,-90,-90,0,-90,-90,2,10
            ],
            "HandChangeTime":0.1,
            "IsKeyUp":false,
            "KeyConfigs":[
                {
                    "actionType":1,
                    "isLeft":true,
                    "isOculus":false,
                    "isTouch":false,
                    "keyCode":32,
                    "keyIndex":6,
                    "keyName":null,
                    "type":0
                }
            ],
            "LipSyncMaxLevel":1,
            "Name":"グー",
            "OnlyPress":false,
            "SoftChange":false,
            "StopBlink":false
        },{
            "FaceAction":false,
            "FaceNames":null,
            "FaceStrength":null,
            "Function":0,
            "FunctionAction":false,
            "Hand":1,
            "HandAction":true,
            "HandAngles":[
                -82,-90,-90,3,-42,-90,-90,3,-7,-7,-8,10,-7,-7,0,-8,-90,-90,12,34
            ],
            "HandChangeTime":0.1,
            "IsKeyUp":false,
            "KeyConfigs":[
                {
                    "actionType":1,
                    "isLeft":false,
                    "isOculus":false,
                    "isTouch":false,
                    "keyCode":32,
                    "keyIndex":1,
                    "keyName":null,
                    "type":0
                }
            ],
            "LipSyncMaxLevel":1,
            "Name":"チョキ",
            "OnlyPress":false,
            "SoftChange":false,
            "StopBlink":false
        },{
            "FaceAction":false,
            "FaceNames":null,
            "FaceStrength":null,
            "Function":0,
            "FunctionAction":false,
            "Hand":1,
            "HandAction":true,
            "HandAngles":[
                0,-1,-1,3,-42,-90,-90,3,-30,-97,-74,0,0,-7,0,-8,-39,-59,8,25
            ],
            "HandChangeTime":0.1,
            "IsKeyUp":false,
            "KeyConfigs":[
                {
                    "actionType":1,
                    "isLeft":false,
                    "isOculus":false,
                    "isTouch":false,
                    "keyCode":32,
                    "keyIndex":2,
                    "keyName":null,
                    "type":0
                }
            ],
            "LipSyncMaxLevel":1,
            "Name":"ロックンロール",
            "OnlyPress":false,
            "SoftChange":false,
            "StopBlink":false
        },{
            "FaceAction":false,
            "FaceNames":null,
            "FaceStrength":null,
            "Function":0,
            "FunctionAction":false,
            "Hand":1,
            "HandAction":true,
            "HandAngles":[
                -90,-90,-90,0,-90,-90,-90,0,-74,-89,-75,0,-2,-2,-2,0,55,33,-9,4
            ],
            "HandChangeTime":0.1,
            "IsKeyUp":false,
            "KeyConfigs":[
                {
                    "actionType":1,
                    "isLeft":false,
                    "isOculus":false,
                    "isTouch":false,
                    "keyCode":32,
                    "keyIndex":3,
                    "keyName":null,
                    "type":0
                }
            ],
            "LipSyncMaxLevel":1,
            "Name":"銃",
            "OnlyPress":false,
            "SoftChange":false,
            "StopBlink":false
        },{
            "FaceAction":false,
            "FaceNames":null,
            "FaceStrength":null,
            "Function":0,
            "FunctionAction":false,
            "Hand":1,
            "HandAction":true,
            "HandAngles":[
                -90,-90,-90,0,-90,-90,-90,0,-90,-90,-90,0,-90,-90,-90,0,55,33,-9,4
            ],
            "HandChangeTime":0.1,
            "IsKeyUp":false,
            "KeyConfigs":[
                {
                    "actionType":1,
                    "isLeft":false,
                    "isOculus":false,
                    "isTouch":false,
                    "keyCode":32,
                    "keyIndex":4,
                    "keyName":null,
                    "type":0
                }
            ],
            "LipSyncMaxLevel":1,
            "Name":"サムズアップ",
            "OnlyPress":false,
            "SoftChange":false,
            "StopBlink":false
        },{
            "FaceAction":false,
            "FaceNames":null,
            "FaceStrength":null,
            "Function":0,
            "FunctionAction":false,
            "Hand":1,
            "HandAction":true,
            "HandAngles":[
                -82,-90,-90,3,-42,-90,-90,3,-25,-92,-90,10,-7,-7,0,-8,-90,-90,12,34
            ],
            "HandChangeTime":0.1,
            "IsKeyUp":false,
            "KeyConfigs":[
                {
                    "actionType":1,
                    "isLeft":false,
                    "isOculus":false,
                    "isTouch":false,
                    "keyCode":32,
                    "keyIndex":5,
                    "keyName":null,
                    "type":0
                }
            ],
            "LipSyncMaxLevel":1,
            "Name":"指差し",
            "OnlyPress":false,
            "SoftChange":false,
            "StopBlink":false
        },{
            "FaceAction":false,
            "FaceNames":null,
            "FaceStrength":null,
            "Function":0,
            "FunctionAction":false,
            "Hand":1,
            "HandAction":true,
            "HandAngles":[
                -90,-90,-90,0,-90,-90,-90,0,-90,-90,-90,0,-90,-90,-90,0,-90,-90,2,10
            ],
            "HandChangeTime":0.1,
            "IsKeyUp":false,
            "KeyConfigs":[
                {
                    "actionType":1,
                    "isLeft":false,
                    "isOculus":false,
                    "isTouch":false,
                    "keyCode":32,
                    "keyIndex":6,
                    "keyName":null,
                    "type":0
                }
            ],
            "LipSyncMaxLevel":1,
            "Name":"グー",
            "OnlyPress":false,
            "SoftChange":false,
            "StopBlink":false
        },{
            "FaceAction":false,
            "FaceNames":null,
            "FaceStrength":null,
            "Function":0,
            "FunctionAction":false,
            "Hand":0,
            "HandAction":true,
            "HandAngles":[
                -44,-69,-31,0,-34,-76,-31,0,-37,-73,-33,0,-36,-58,-36,5,-77,-47,-15,19
            ],
            "HandChangeTime":0.1,
            "IsKeyUp":false,
            "KeyConfigs":[
                {
                    "actionType":1,
                    "isLeft":true,
                    "isOculus":false,
                    "isTouch":false,
                    "keyCode":33,
                    "keyIndex":-1,
                    "keyName":null,
                    "type":0
                }
            ],
            "LipSyncMaxLevel":1,
            "Name":"持つ",
            "OnlyPress":false,
            "SoftChange":false,
            "StopBlink":false
        },{
            "FaceAction":false,
            "FaceNames":null,
            "FaceStrength":null,
            "Function":0,
            "FunctionAction":false,
            "Hand":0,
            "HandAction":true,
            "HandAngles":[
                0,0,0,0,0,0,0,0,0,0,0,0,0,0,0,0,0,0,0,0
            ],
            "HandChangeTime":0.1,
            "IsKeyUp":true,
            "KeyConfigs":[
                {
                    "actionType":1,
                    "isLeft":true,
                    "isOculus":false,
                    "isTouch":false,
                    "keyCode":33,
                    "keyIndex":-1,
                    "keyName":null,
                    "type":0
                }
            ],
            "LipSyncMaxLevel":1,
            "Name":"デフォルト",
            "OnlyPress":false,
            "SoftChange":false,
            "StopBlink":false
        },{
            "FaceAction":false,
            "FaceNames":null,
            "FaceStrength":null,
            "Function":0,
            "FunctionAction":false,
            "Hand":1,
            "HandAction":true,
            "HandAngles":[
                -44,-69,-31,0,-34,-76,-31,0,-37,-73,-33,0,-36,-58,-36,5,-77,-47,-15,19
            ],
            "HandChangeTime":0.1,
            "IsKeyUp":false,
            "KeyConfigs":[
                {
                    "actionType":1,
                    "isLeft":false,
                    "isOculus":false,
                    "isTouch":false,
                    "keyCode":33,
                    "keyIndex":-1,
                    "keyName":null,
                    "type":0
                }
            ],
            "LipSyncMaxLevel":1,
            "Name":"持つ",
            "OnlyPress":false,
            "SoftChange":false,
            "StopBlink":false
        },{
            "FaceAction":false,
            "FaceNames":null,
            "FaceStrength":null,
            "Function":0,
            "FunctionAction":false,
            "Hand":1,
            "HandAction":true,
            "HandAngles":[
                0,0,0,0,0,0,0,0,0,0,0,0,0,0,0,0,0,0,0,0
            ],
            "HandChangeTime":0.1,
            "IsKeyUp":true,
            "KeyConfigs":[
                {
                    "actionType":1,
                    "isLeft":false,
                    "isOculus":false,
                    "isTouch":false,
                    "keyCode":33,
                    "keyIndex":-1,
                    "keyName":null,
                    "type":0
                }
            ],
            "LipSyncMaxLevel":1,
            "Name":"デフォルト",
            "OnlyPress":false,
            "SoftChange":false,
            "StopBlink":false
        },{
            "FaceAction":false,
            "FaceNames":null,
            "FaceStrength":null,
            "Function":0,
            "FunctionAction":false,
            "Hand":0,
            "HandAction":true,
            "HandAngles":[
                3,0,4,10,0,4,2,7,0,5,1,2,-2,-1,0,-6,10,10,10,10
            ],
            "HandChangeTime":0.1,
            "IsKeyUp":false,
            "KeyConfigs":[
                {
                    "actionType":1,
                    "isLeft":true,
                    "isOculus":false,
                    "isTouch":false,
                    "keyCode":2,
                    "keyIndex":-1,
                    "keyName":null,
                    "type":0
                }
            ],
            "LipSyncMaxLevel":1,
            "Name":"パー",
            "OnlyPress":false,
            "SoftChange":false,
            "StopBlink":false
        },{
            "FaceAction":false,
            "FaceNames":null,
            "FaceStrength":null,
            "Function":0,
            "FunctionAction":false,
            "Hand":1,
            "HandAction":true,
            "HandAngles":[
                3,0,4,10,0,4,2,7,0,5,1,2,-2,-1,0,-6,10,10,10,10
            ],
            "HandChangeTime":0.1,
            "IsKeyUp":false,
            "KeyConfigs":[
                {
                    "actionType":1,
                    "isLeft":false,
                    "isOculus":false,
                    "isTouch":false,
                    "keyCode":2,
                    "keyIndex":-1,
                    "keyName":null,
                    "type":0
                }
            ],
            "LipSyncMaxLevel":1,
            "Name":"パー",
            "OnlyPress":false,
            "SoftChange":false,
            "StopBlink":false
        },{
            "FaceAction":false,
            "FaceNames":null,
            "FaceStrength":null,
            "Function":0,
            "FunctionAction":false,
            "Hand":0,
            "HandAction":true,
            "HandAngles":[
                0,0,0,0,0,0,0,0,0,0,0,0,0,0,0,0,0,0,0,0
            ],
            "HandChangeTime":0.1,
            "IsKeyUp":true,
            "KeyConfigs":[
                {
                    "actionType":1,
                    "isLeft":true,
                    "isOculus":false,
                    "isTouch":false,
                    "keyCode":2,
                    "keyIndex":-1,
                    "keyName":null,
                    "type":0
                }
            ],
            "LipSyncMaxLevel":1,
            "Name":"デフォルト",
            "OnlyPress":false,
            "SoftChange":false,
            "StopBlink":false
        },{
            "FaceAction":false,
            "FaceNames":null,
            "FaceStrength":null,
            "Function":0,
            "FunctionAction":false,
            "Hand":1,
            "HandAction":true,
            "HandAngles":[
                0,0,0,0,0,0,0,0,0,0,0,0,0,0,0,0,0,0,0,0
            ],
            "HandChangeTime":0.1,
            "IsKeyUp":true,
            "KeyConfigs":[
                {
                    "actionType":1,
                    "isLeft":false,
                    "isOculus":false,
                    "isTouch":false,
                    "keyCode":2,
                    "keyIndex":-1,
                    "keyName":null,
                    "type":0
                }
            ],
            "LipSyncMaxLevel":1,
            "Name":"デフォルト",
            "OnlyPress":false,
            "SoftChange":false,
            "StopBlink":false
        },{
            "FaceAction":true,
            "FaceNames":[
                "JOY"
            ],
            "FaceStrength":[
                1
            ],
            "Function":0,
            "FunctionAction":false,
            "Hand":0,
            "HandAction":false,
            "HandAngles":null,
            "HandChangeTime":0.1,
            "IsKeyUp":false,
            "KeyConfigs":[
                {
                    "actionType":1,
                    "isLeft":true,
                    "isOculus":false,
                    "isTouch":false,
                    "keyCode":2,
                    "keyIndex":-1,
                    "keyName":null,
                    "type":0
                },{
                    "actionType":1,
                    "isLeft":true,
                    "isOculus":false,
                    "isTouch":false,
                    "keyCode":32,
                    "keyIndex":1,
                    "keyName":null,
                    "type":0
                }
            ],
            "LipSyncMaxLevel":1,
            "Name":"笑顔",
            "OnlyPress":false,
            "SoftChange":false,
            "StopBlink":true
        },{
            "FaceAction":true,
            "FaceNames":[
                "ANGRY"
            ],
            "FaceStrength":[
                1
            ],
            "Function":0,
            "FunctionAction":false,
            "Hand":0,
            "HandAction":false,
            "HandAngles":null,
            "HandChangeTime":0.1,
            "IsKeyUp":false,
            "KeyConfigs":[
                {
                    "actionType":1,
                    "isLeft":true,
                    "isOculus":false,
                    "isTouch":false,
                    "keyCode":2,
                    "keyIndex":-1,
                    "keyName":null,
                    "type":0
                },{
                    "actionType":1,
                    "isLeft":true,
                    "isOculus":false,
                    "isTouch":false,
                    "keyCode":32,
                    "keyIndex":2,
                    "keyName":null,
                    "type":0
                }
            ],
            "LipSyncMaxLevel":1,
            "Name":"怒り",
            "OnlyPress":false,
            "SoftChange":false,
            "StopBlink":false
        },{
            "FaceAction":true,
            "FaceNames":[
                "SORROW"
            ],
            "FaceStrength":[
                1
            ],
            "Function":0,
            "FunctionAction":false,
            "Hand":0,
            "HandAction":false,
            "HandAngles":null,
            "HandChangeTime":0.1,
            "IsKeyUp":false,
            "KeyConfigs":[
                {
                    "actionType":1,
                    "isLeft":true,
                    "isOculus":false,
                    "isTouch":false,
                    "keyCode":2,
                    "keyIndex":-1,
                    "keyName":null,
                    "type":0
                },{
                    "actionType":1,
                    "isLeft":true,
                    "isOculus":false,
                    "isTouch":false,
                    "keyCode":32,
                    "keyIndex":3,
                    "keyName":null,
                    "type":0
                }
            ],
            "LipSyncMaxLevel":1,
            "Name":"怖い",
            "OnlyPress":false,
            "SoftChange":false,
            "StopBlink":false
        },{
            "FaceAction":true,
            "FaceNames":[
                "FUN"
            ],
            "FaceStrength":[
                1
            ],
            "Function":0,
            "FunctionAction":false,
            "Hand":0,
            "HandAction":false,
            "HandAngles":null,
            "HandChangeTime":0.1,
            "IsKeyUp":false,
            "KeyConfigs":[
                {
                    "actionType":1,
                    "isLeft":true,
                    "isOculus":false,
                    "isTouch":false,
                    "keyCode":2,
                    "keyIndex":-1,
                    "keyName":null,
                    "type":0
                },{
                    "actionType":1,
                    "isLeft":true,
                    "isOculus":false,
                    "isTouch":false,
                    "keyCode":32,
                    "keyIndex":4,
                    "keyName":null,
                    "type":0
                }
            ],
            "LipSyncMaxLevel":1,
            "Name":"楽しい",
            "OnlyPress":false,
            "SoftChange":false,
            "StopBlink":true
        },{
            "FaceAction":true,
            "FaceNames":[
                "><"
            ],
            "FaceStrength":[
                1
            ],
            "Function":0,
            "FunctionAction":false,
            "Hand":0,
            "HandAction":false,
            "HandAngles":null,
            "HandChangeTime":0.1,
            "IsKeyUp":false,
            "KeyConfigs":[
                {
                    "actionType":1,
                    "isLeft":true,
                    "isOculus":false,
                    "isTouch":false,
                    "keyCode":2,
                    "keyIndex":-1,
                    "keyName":null,
                    "type":0
                },{
                    "actionType":1,
                    "isLeft":true,
                    "isOculus":false,
                    "isTouch":false,
                    "keyCode":32,
                    "keyIndex":5,
                    "keyName":null,
                    "type":0
                }
            ],
            "LipSyncMaxLevel":1,
            "Name":"＞＜",
            "OnlyPress":false,
            "SoftChange":false,
            "StopBlink":true
        },{
            "FaceAction":true,
            "FaceNames":[
                "BLINK_L"
            ],
            "FaceStrength":[
                1
            ],
            "Function":0,
            "FunctionAction":false,
            "Hand":0,
            "HandAction":false,
            "HandAngles":null,
            "HandChangeTime":0.1,
            "IsKeyUp":false,
            "KeyConfigs":[
                {
                    "actionType":1,
                    "isLeft":true,
                    "isOculus":false,
                    "isTouch":false,
                    "keyCode":2,
                    "keyIndex":-1,
                    "keyName":null,
                    "type":0
                },{
                    "actionType":1,
                    "isLeft":true,
                    "isOculus":false,
                    "isTouch":false,
                    "keyCode":32,
                    "keyIndex":6,
                    "keyName":null,
                    "type":0
                }
            ],
            "LipSyncMaxLevel":1,
            "Name":"ウインク(左)",
            "OnlyPress":false,
            "SoftChange":false,
            "StopBlink":true
        },{
            "FaceAction":true,
            "FaceNames":[
                "JOY"
            ],
            "FaceStrength":[
                1
            ],
            "Function":0,
            "FunctionAction":false,
            "Hand":0,
            "HandAction":false,
            "HandAngles":null,
            "HandChangeTime":0.1,
            "IsKeyUp":false,
            "KeyConfigs":[
                {
                    "actionType":1,
                    "isLeft":false,
                    "isOculus":false,
                    "isTouch":false,
                    "keyCode":2,
                    "keyIndex":-1,
                    "keyName":null,
                    "type":0
                },{
                    "actionType":1,
                    "isLeft":false,
                    "isOculus":false,
                    "isTouch":false,
                    "keyCode":32,
                    "keyIndex":1,
                    "keyName":null,
                    "type":0
                }
            ],
            "LipSyncMaxLevel":1,
            "Name":"笑顔",
            "OnlyPress":false,
            "SoftChange":false,
            "StopBlink":true
        },{
            "FaceAction":true,
            "FaceNames":[
                "ANGRY"
            ],
            "FaceStrength":[
                1
            ],
            "Function":0,
            "FunctionAction":false,
            "Hand":0,
            "HandAction":false,
            "HandAngles":null,
            "HandChangeTime":0.1,
            "IsKeyUp":false,
            "KeyConfigs":[
                {
                    "actionType":1,
                    "isLeft":false,
                    "isOculus":false,
                    "isTouch":false,
                    "keyCode":2,
                    "keyIndex":-1,
                    "keyName":null,
                    "type":0
                },{
                    "actionType":1,
                    "isLeft":false,
                    "isOculus":false,
                    "isTouch":false,
                    "keyCode":32,
                    "keyIndex":2,
                    "keyName":null,
                    "type":0
                }
            ],
            "LipSyncMaxLevel":1,
            "Name":"怒り",
            "OnlyPress":false,
            "SoftChange":false,
            "StopBlink":false
        },{
            "FaceAction":true,
            "FaceNames":[
                "SORROW"
            ],
            "FaceStrength":[
                1
            ],
            "Function":0,
            "FunctionAction":false,
            "Hand":0,
            "HandAction":false,
            "HandAngles":null,
            "HandChangeTime":0.1,
            "IsKeyUp":false,
            "KeyConfigs":[
                {
                    "actionType":1,
                    "isLeft":false,
                    "isOculus":false,
                    "isTouch":false,
                    "keyCode":2,
                    "keyIndex":-1,
                    "keyName":null,
                    "type":0
                },{
                    "actionType":1,
                    "isLeft":false,
                    "isOculus":false,
                    "isTouch":false,
                    "keyCode":32,
                    "keyIndex":3,
                    "keyName":null,
                    "type":0
                }
            ],
            "LipSyncMaxLevel":1,
            "Name":"怖い",
            "OnlyPress":false,
            "SoftChange":false,
            "StopBlink":false
        },{
            "FaceAction":true,
            "FaceNames":[
                "FUN"
            ],
            "FaceStrength":[
                1
            ],
            "Function":0,
            "FunctionAction":false,
            "Hand":0,
            "HandAction":false,
            "HandAngles":null,
            "HandChangeTime":0.1,
            "IsKeyUp":false,
            "KeyConfigs":[
                {
                    "actionType":1,
                    "isLeft":false,
                    "isOculus":false,
                    "isTouch":false,
                    "keyCode":2,
                    "keyIndex":-1,
                    "keyName":null,
                    "type":0
                },{
                    "actionType":1,
                    "isLeft":false,
                    "isOculus":false,
                    "isTouch":false,
                    "keyCode":32,
                    "keyIndex":4,
                    "keyName":null,
                    "type":0
                }
            ],
            "LipSyncMaxLevel":1,
            "Name":"楽しい",
            "OnlyPress":false,
            "SoftChange":false,
            "StopBlink":true
        },{
            "FaceAction":true,
            "FaceNames":[
                "><"
            ],
            "FaceStrength":[
                1
            ],
            "Function":0,
            "FunctionAction":false,
            "Hand":0,
            "HandAction":false,
            "HandAngles":null,
            "HandChangeTime":0.1,
            "IsKeyUp":false,
            "KeyConfigs":[
                {
                    "actionType":1,
                    "isLeft":false,
                    "isOculus":false,
                    "isTouch":false,
                    "keyCode":2,
                    "keyIndex":-1,
                    "keyName":null,
                    "type":0
                },{
                    "actionType":1,
                    "isLeft":false,
                    "isOculus":false,
                    "isTouch":false,
                    "keyCode":32,
                    "keyIndex":5,
                    "keyName":null,
                    "type":0
                }
            ],
            "LipSyncMaxLevel":1,
            "Name":"＞＜",
            "OnlyPress":false,
            "SoftChange":false,
            "StopBlink":true
        },{
            "FaceAction":true,
            "FaceNames":[
                "BLINK_R"
            ],
            "FaceStrength":[
                1
            ],
            "Function":0,
            "FunctionAction":false,
            "Hand":0,
            "HandAction":false,
            "HandAngles":null,
            "HandChangeTime":0.1,
            "IsKeyUp":false,
            "KeyConfigs":[
                {
                    "actionType":1,
                    "isLeft":false,
                    "isOculus":false,
                    "isTouch":false,
                    "keyCode":2,
                    "keyIndex":-1,
                    "keyName":null,
                    "type":0
                },{
                    "actionType":1,
                    "isLeft":false,
                    "isOculus":false,
                    "isTouch":false,
                    "keyCode":32,
                    "keyIndex":6,
                    "keyName":null,
                    "type":0
                }
            ],
            "LipSyncMaxLevel":1,
            "Name":"ウインク(右)",
            "OnlyPress":false,
            "SoftChange":false,
            "StopBlink":true
        },{
            "FaceAction":true,
            "FaceNames":[
                "NEUTRAL"
            ],
            "FaceStrength":[
                1
            ],
            "Function":0,
            "FunctionAction":false,
            "Hand":0,
            "HandAction":false,
            "HandAngles":null,
            "HandChangeTime":0.1,
            "IsKeyUp":false,
            "KeyConfigs":[
                {
                    "actionType":1,
                    "isLeft":true,
                    "isOculus":false,
                    "isTouch":false,
                    "keyCode":2,
                    "keyIndex":-1,
                    "keyName":null,
                    "type":0
                }
            ],
            "LipSyncMaxLevel":1,
            "Name":"デフォルト",
            "OnlyPress":false,
            "SoftChange":false,
            "StopBlink":false
        },{
            "FaceAction":true,
            "FaceNames":[
                "NEUTRAL"
            ],
            "FaceStrength":[
                1
            ],
            "Function":0,
            "FunctionAction":false,
            "Hand":0,
            "HandAction":false,
            "HandAngles":null,
            "HandChangeTime":0.1,
            "IsKeyUp":false,
            "KeyConfigs":[
                {
                    "actionType":1,
                    "isLeft":false,
                    "isOculus":false,
                    "isTouch":false,
                    "keyCode":2,
                    "keyIndex":-1,
                    "keyName":null,
                    "type":0
                }
            ],
            "LipSyncMaxLevel":1,
            "Name":"デフォルト",
            "OnlyPress":false,
            "SoftChange":false,
            "StopBlink":false
        }
    ],
    "LeftCenterEnable":true,
    "LeftElbow":{
        "m_Item1":0,
        "m_Item2":null
    },
    "LeftFoot":{
        "m_Item1":3,
        "m_Item2":null
    },
    "LeftHand":{
        "m_Item1":2,
        "m_Item2":null
    },
    "LeftHandRotation":0,
    "LeftHandTrackerOffsetToBodySide":0.05,
    "LeftHandTrackerOffsetToBottom":0.02,
    "LeftKnee":{
        "m_Item1":0,
        "m_Item2":null
    },
    "LeftTouchPadPoints":[
        {
            "x":-0.760845244,
            "y":0.2472136
        },{
            "x":-0.4702282,
            "y":-0.647213638
        },{
            "x":0.4702282,
            "y":-0.647213638
        },{
            "x":0.760845244,
            "y":0.2472136
        },{
            "x":1.95937025E-16,
            "y":0.8
        }
    ],
    "LipSyncDevice":"",
    "LipSyncEnable":true,
    "LipSyncGain":100.023239,
    "LipSyncMaxWeightEmphasis":true,
    "LipSyncMaxWeightEnable":true,
    "LipSyncWeightThreashold":0.03,
    "OpenAnimationTime":0.03,
    "Pelvis":{
        "m_Item1":3,
        "m_Item2":null
    },
    "PositionFixedCameraTransform":{
        "localPosition":{
            "x":-2.82886076,
            "y":2.26556587,
            "z":-1.4610455
        },
        "localRotation":{
            "eulerAngles":{
                "x":28.7797642,
                "y":68.99894,
                "z":-6.818681E-06
            },
            "w":0.798276,
            "x":0.204812139,
            "y":0.548629045,
            "z":-0.140760764
        },
        "localScale":{
            "x":1,
            "y":1,
            "z":1
        },
        "position":{
            "x":-2.82886076,
            "y":2.26556587,
            "z":-1.4610455
        },
        "rotation":{
            "eulerAngles":{
                "x":28.7797642,
                "y":68.99894,
                "z":-6.818681E-06
            },
            "w":0.798276,
            "x":0.204812139,
            "y":0.548629045,
            "z":-0.140760764
        }
    },
    "RightCenterEnable":true,
    "RightElbow":{
        "m_Item1":0,
        "m_Item2":null
    },
    "RightFoot":{
        "m_Item1":3,
        "m_Item2":null
    },
    "RightHand":{
        "m_Item1":2,
        "m_Item2":null
    },
    "RightHandRotation":0,
    "RightHandTrackerOffsetToBodySide":0.05,
    "RightHandTrackerOffsetToBottom":0.02,
    "RightKnee":{
        "m_Item1":0,
        "m_Item2":null
    },
    "RightTouchPadPoints":[
        {
            "x":0.760845244,
            "y":0.2472136
        },{
            "x":0.4702282,
            "y":-0.647213638
        },{
            "x":-0.4702282,
            "y":-0.647213638
        },{
            "x":-0.760845244,
            "y":0.2472136
        },{
            "x":-1.95937025E-16,
            "y":0.8
        }
    ],
    "ShowCameraGrid":false,
    "VRMPath":null,
    "WebCamBuffering":0,
    "WebCamEnabled":false,
    "WebCamMirroring":false,
    "WebCamResize":false,
    "WindowClickThrough":false,
    "bodyTracker":null,
    "headTracker":{
        "localPosition":{
            "x":-0.362957,
            "y":1.71418071,
            "z":-0.009733081
        },
        "localRotation":{
            "eulerAngles":{
                "x":324.524078,
                "y":178.298462,
                "z":12.49869
            },
            "w":0.0191023462,
            "x":-0.0991722,
            "y":-0.94718796,
            "z":-0.3043598
        },
        "localScale":{
            "x":1,
            "y":1,
            "z":1
        },
        "position":{
            "x":-0.3133277,
            "y":1.71418071,
            "z":-0.008402218
        },
        "rotation":{
            "eulerAngles":{
                "x":324.524078,
                "y":178.298462,
                "z":12.49869
            },
            "w":0.0191023462,
            "x":-0.0991722,
            "y":-0.94718796,
            "z":-0.3043598
        }
    },
    "leftElbowTracker":null,
    "leftFootTracker":null,
    "leftHandTracker":{
        "localPosition":{
            "x":0.422021985,
            "y":1.51364625,
            "z":0.08282173
        },
        "localRotation":{
            "eulerAngles":{
                "x":295.1747,
                "y":90.90258,
                "z":356.395477
            },
            "w":0.603946865,
            "x":-0.3947568,
            "y":0.5895061,
            "z":0.3631774
        },
        "localScale":{
            "x":1,
            "y":1,
            "z":1
        },
        "position":{
            "x":0.364316374,
            "y":1.51364625,
            "z":0.0714970157
        },
        "rotation":{
            "eulerAngles":{
                "x":295.1747,
                "y":90.90258,
                "z":356.395477
            },
            "w":0.603946865,
            "x":-0.3947568,
            "y":0.5895061,
            "z":0.3631774
        }
    },
    "leftKneeTracker":null,
    "rightElbowTracker":null,
    "rightFootTracker":null,
    "rightHandTracker":{
        "localPosition":{
            "x":-1.09108007,
            "y":1.57642055,
            "z":0.344736934
        },
        "localRotation":{
            "eulerAngles":{
                "x":297.591949,
                "y":300.9815,
                "z":353.220367
            },
            "w":0.727979839,
            "x":-0.425178826,
            "y":-0.447226584,
            "z":-0.298758566
        },
        "localScale":{
            "x":1,
            "y":1,
            "z":1
        },
        "position":{
            "x":-0.9418901,
            "y":1.57642055,
            "z":0.297598958
        },
        "rotation":{
            "eulerAngles":{
                "x":297.591949,
                "y":300.9815,
                "z":353.220367
            },
            "w":0.727979839,
            "x":-0.425178826,
            "y":-0.447226584,
            "z":-0.298758566
        }
    },
    "rightKneeTracker":null
}