{
    "EnableSkeletal":false,
    "LeftCenterKeyEnable":false,
    "LeftStickPoints":[
        {
            "x":-0.760845244,
            "y":0.2472136
        },{
            "x":-0.4702282,
            "y":-0.647213638
        },{
            "x":0.4702282,
            "y":-0.647213638
        },{
            "x":0.760845244,
            "y":0.2472136
        },{
            "x":1.95937025E-16,
            "y":0.8
        }
    ],
    "LeftTouchPadPoints":[
        {
            "x":1.95937025E-16,
            "y":0.8
        }
    ],
    "RightCenterKeyEnable":false,
    "RightStickPoints":[
        {
            "x":0.760845244,
            "y":0.2472136
        },{
            "x":0.4702282,
            "y":-0.647213638
        },{
            "x":-0.4702282,
            "y":-0.647213638
        },{
            "x":-0.760845244,
            "y":0.2472136
        },{
            "x":-1.95937025E-16,
            "y":0.8
        }
    ],
    "RightTouchPadPoints":[
        {
            "x":-1.95937025E-16,
            "y":0.8
        }
    ]
}