[
    {
        "FaceAction":false,
        "FaceNames":null,
        "FaceStrength":null,
        "Function":0,
        "FunctionAction":true,
        "Hand":0,
        "HandAction":false,
        "HandAngles":null,
        "HandChangeTime":0.1,
        "IsKeyUp":false,
        "KeyConfigs":[
            {
                "actionType":0,
                "isLeft":false,
                "isOculus":false,
                "isTouch":false,
                "keyCode":27,
                "keyIndex":0,
                "keyName":"Esc",
                "type":1
            }
        ],
        "LipSyncMaxLevel":1,
        "Name":"コントロールパネル再表示",
        "OnlyPress":true,
        "SoftChange":false,
        "StopBlink":false
    },{
        "FaceAction":false,
        "FaceNames":null,
        "FaceStrength":null,
        "Function":1,
        "FunctionAction":true,
        "Hand":0,
        "HandAction":false,
        "HandAngles":null,
        "HandChangeTime":0.1,
        "IsKeyUp":false,
        "KeyConfigs":[
            {
                "actionType":0,
                "isLeft":false,
                "isOculus":false,
                "isTouch":false,
                "keyCode":160,
                "keyIndex":0,
                "keyName":"左Shift",
                "type":1
            },{
                "actionType":0,
                "isLeft":false,
                "isOculus":false,
                "isTouch":false,
                "keyCode":49,
                "keyIndex":0,
                "keyName":"1",
                "type":1
            }
        ],
        "LipSyncMaxLevel":1,
        "Name":"背景GB",
        "OnlyPress":true,
        "SoftChange":false,
        "StopBlink":false
    },{
        "FaceAction":false,
        "FaceNames":null,
        "FaceStrength":null,
        "Function":2,
        "FunctionAction":true,
        "Hand":0,
        "HandAction":false,
        "HandAngles":null,
        "HandChangeTime":0.1,
        "IsKeyUp":false,
        "KeyConfigs":[
            {
                "actionType":0,
                "isLeft":false,
                "isOculus":false,
                "isTouch":false,
                "keyCode":160,
                "keyIndex":0,
                "keyName":"左Shift",
                "type":1
            },{
                "actionType":0,
                "isLeft":false,
                "isOculus":false,
                "isTouch":false,
                "keyCode":50,
                "keyIndex":0,
                "keyName":"2",
                "type":1
            }
        ],
        "LipSyncMaxLevel":1,
        "Name":"背景BB",
        "OnlyPress":true,
        "SoftChange":false,
        "StopBlink":false
    },{
        "FaceAction":false,
        "FaceNames":null,
        "FaceStrength":null,
        "Function":3,
        "FunctionAction":true,
        "Hand":0,
        "HandAction":false,
        "HandAngles":null,
        "HandChangeTime":0.1,
        "IsKeyUp":false,
        "KeyConfigs":[
            {
                "actionType":0,
                "isLeft":false,
                "isOculus":false,
                "isTouch":false,
                "keyCode":160,
                "keyIndex":0,
                "keyName":"左Shift",
                "type":1
            },{
                "actionType":0,
                "isLeft":false,
                "isOculus":false,
                "isTouch":false,
                "keyCode":51,
                "keyIndex":0,
                "keyName":"3",
                "type":1
            }
        ],
        "LipSyncMaxLevel":1,
        "Name":"背景白",
        "OnlyPress":true,
        "SoftChange":false,
        "StopBlink":false
    },{
        "FaceAction":false,
        "FaceNames":null,
        "FaceStrength":null,
        "Function":4,
        "FunctionAction":true,
        "Hand":0,
        "HandAction":false,
        "HandAngles":null,
        "HandChangeTime":0.1,
        "IsKeyUp":false,
        "KeyConfigs":[
            {
                "actionType":0,
                "isLeft":false,
                "isOculus":false,
                "isTouch":false,
                "keyCode":160,
                "keyIndex":0,
                "keyName":"左Shift",
                "type":1
            },{
                "actionType":0,
                "isLeft":false,
                "isOculus":false,
                "isTouch":false,
                "keyCode":52,
                "keyIndex":0,
                "keyName":"4",
                "type":1
            }
        ],
        "LipSyncMaxLevel":1,
        "Name":"背景カスタム",
        "OnlyPress":true,
        "SoftChange":false,
        "StopBlink":false
    },{
        "FaceAction":false,
        "FaceNames":null,
        "FaceStrength":null,
        "Function":6,
        "FunctionAction":true,
        "Hand":0,
        "HandAction":false,
        "HandAngles":null,
        "HandChangeTime":0.1,
        "IsKeyUp":false,
        "KeyConfigs":[
            {
                "actionType":0,
                "isLeft":false,
                "isOculus":false,
                "isTouch":false,
                "keyCode":162,
                "keyIndex":0,
                "keyName":"左Ctrl",
                "type":1
            },{
                "actionType":0,
                "isLeft":false,
                "isOculus":false,
                "isTouch":false,
                "keyCode":49,
                "keyIndex":0,
                "keyName":"1",
                "type":1
            }
        ],
        "LipSyncMaxLevel":1,
        "Name":"フロントカメラ",
        "OnlyPress":true,
        "SoftChange":false,
        "StopBlink":false
    },{
        "FaceAction":false,
        "FaceNames":null,
        "FaceStrength":null,
        "Function":7,
        "FunctionAction":true,
        "Hand":0,
        "HandAction":false,
        "HandAngles":null,
        "HandChangeTime":0.1,
        "IsKeyUp":false,
        "KeyConfigs":[
            {
                "actionType":0,
                "isLeft":false,
                "isOculus":false,
                "isTouch":false,
                "keyCode":162,
                "keyIndex":0,
                "keyName":"左Ctrl",
                "type":1
            },{
                "actionType":0,
                "isLeft":false,
                "isOculus":false,
                "isTouch":false,
                "keyCode":50,
                "keyIndex":0,
                "keyName":"2",
                "type":1
            }
        ],
        "LipSyncMaxLevel":1,
        "Name":"バックカメラ",
        "OnlyPress":true,
        "SoftChange":false,
        "StopBlink":false
    },{
        "FaceAction":false,
        "FaceNames":null,
        "FaceStrength":null,
        "Function":8,
        "FunctionAction":true,
        "Hand":0,
        "HandAction":false,
        "HandAngles":null,
        "HandChangeTime":0.1,
        "IsKeyUp":false,
        "KeyConfigs":[
            {
                "actionType":0,
                "isLeft":false,
                "isOculus":false,
                "isTouch":false,
                "keyCode":162,
                "keyIndex":0,
                "keyName":"左Ctrl",
                "type":1
            },{
                "actionType":0,
                "isLeft":false,
                "isOculus":false,
                "isTouch":false,
                "keyCode":51,
                "keyIndex":0,
                "keyName":"3",
                "type":1
            }
        ],
        "LipSyncMaxLevel":1,
        "Name":"フリーカメラ",
        "OnlyPress":true,
        "SoftChange":false,
        "StopBlink":false
    },{
        "FaceAction":false,
        "FaceNames":null,
        "FaceStrength":null,
        "Function":0,
        "FunctionAction":false,
        "Hand":0,
        "HandAction":true,
        "HandAngles":[
            -82,-90,-90,3,-42,-90,-90,3,-7,-7,-8,10,-7,-7,0,-8,-90,-90,12,34
        ],
        "HandChangeTime":0.1,
        "IsKeyUp":false,
        "KeyConfigs":[
            {
                "actionType":1,
                "isLeft":true,
                "isOculus":false,
                "isTouch":false,
                "keyCode":32,
                "keyIndex":1,
                "keyName":null,
                "type":0
            }
        ],
        "LipSyncMaxLevel":1,
        "Name":"チョキ",
        "OnlyPress":false,
        "SoftChange":false,
        "StopBlink":false
    },{
        "FaceAction":false,
        "FaceNames":null,
        "FaceStrength":null,
        "Function":0,
        "FunctionAction":false,
        "Hand":0,
        "HandAction":true,
        "HandAngles":[
            0,-1,-1,3,-42,-90,-90,3,-30,-97,-74,0,0,-7,0,-8,-39,-59,8,25
        ],
        "HandChangeTime":0.1,
        "IsKeyUp":false,
        "KeyConfigs":[
            {
                "actionType":1,
                "isLeft":true,
                "isOculus":false,
                "isTouch":false,
                "keyCode":32,
                "keyIndex":2,
                "keyName":null,
                "type":0
            }
        ],
        "LipSyncMaxLevel":1,
        "Name":"ロックンロール",
        "OnlyPress":false,
        "SoftChange":false,
        "StopBlink":false
    },{
        "FaceAction":false,
        "FaceNames":null,
        "FaceStrength":null,
        "Function":0,
        "FunctionAction":false,
        "Hand":0,
        "HandAction":true,
        "HandAngles":[
            -90,-90,-90,0,-90,-90,-90,0,-74,-89,-75,0,-2,-2,-2,0,55,33,-9,4
        ],
        "HandChangeTime":0.1,
        "IsKeyUp":false,
        "KeyConfigs":[
            {
                "actionType":1,
                "isLeft":true,
                "isOculus":false,
                "isTouch":false,
                "keyCode":32,
                "keyIndex":3,
                "keyName":null,
                "type":0
            }
        ],
        "LipSyncMaxLevel":1,
        "Name":"銃",
        "OnlyPress":false,
        "SoftChange":false,
        "StopBlink":false
    },{
        "FaceAction":false,
        "FaceNames":null,
        "FaceStrength":null,
        "Function":0,
        "FunctionAction":false,
        "Hand":0,
        "HandAction":true,
        "HandAngles":[
            -90,-90,-90,0,-90,-90,-90,0,-90,-90,-90,0,-90,-90,-90,0,55,33,-9,4
        ],
        "HandChangeTime":0.1,
        "IsKeyUp":false,
        "KeyConfigs":[
            {
                "actionType":1,
                "isLeft":true,
                "isOculus":false,
                "isTouch":false,
                "keyCode":32,
                "keyIndex":4,
                "keyName":null,
                "type":0
            }
        ],
        "LipSyncMaxLevel":1,
        "Name":"サムズアップ",
        "OnlyPress":false,
        "SoftChange":false,
        "StopBlink":false
    },{
        "FaceAction":false,
        "FaceNames":null,
        "FaceStrength":null,
        "Function":0,
        "FunctionAction":false,
        "Hand":0,
        "HandAction":true,
        "HandAngles":[
            -82,-90,-90,3,-42,-90,-90,3,-25,-92,-90,10,-7,-7,0,-8,-90,-90,12,34
        ],
        "HandChangeTime":0.1,
        "IsKeyUp":false,
        "KeyConfigs":[
            {
                "actionType":1,
                "isLeft":true,
                "isOculus":false,
                "isTouch":false,
                "keyCode":32,
                "keyIndex":5,
                "keyName":null,
                "type":0
            }
        ],
        "LipSyncMaxLevel":1,
        "Name":"指差し",
        "OnlyPress":false,
        "SoftChange":false,
        "StopBlink":false
    },{
        "FaceAction":false,
        "FaceNames":null,
        "FaceStrength":null,
        "Function":0,
        "FunctionAction":false,
        "Hand":0,
        "HandAction":true,
        "HandAngles":[
            -90,-90,-90,0,-90,-90,-90,0,-90,-90,-90,0,-90,-90,-90,0,-90,-90,2,10
        ],
        "HandChangeTime":0.1,
        "IsKeyUp":false,
        "KeyConfigs":[
            {
                "actionType":1,
                "isLeft":true,
                "isOculus":false,
                "isTouch":false,
                "keyCode":32,
                "keyIndex":6,
                "keyName":null,
                "type":0
            }
        ],
        "LipSyncMaxLevel":1,
        "Name":"グー",
        "OnlyPress":false,
        "SoftChange":false,
        "StopBlink":false
    },{
        "FaceAction":false,
        "FaceNames":null,
        "FaceStrength":null,
        "Function":0,
        "FunctionAction":false,
        "Hand":1,
        "HandAction":true,
        "HandAngles":[
            -82,-90,-90,3,-42,-90,-90,3,-7,-7,-8,10,-7,-7,0,-8,-90,-90,12,34
        ],
        "HandChangeTime":0.1,
        "IsKeyUp":false,
        "KeyConfigs":[
            {
                "actionType":1,
                "isLeft":false,
                "isOculus":false,
                "isTouch":false,
                "keyCode":32,
                "keyIndex":1,
                "keyName":null,
                "type":0
            }
        ],
        "LipSyncMaxLevel":1,
        "Name":"チョキ",
        "OnlyPress":false,
        "SoftChange":false,
        "StopBlink":false
    },{
        "FaceAction":false,
        "FaceNames":null,
        "FaceStrength":null,
        "Function":0,
        "FunctionAction":false,
        "Hand":1,
        "HandAction":true,
        "HandAngles":[
            0,-1,-1,3,-42,-90,-90,3,-30,-97,-74,0,0,-7,0,-8,-39,-59,8,25
        ],
        "HandChangeTime":0.1,
        "IsKeyUp":false,
        "KeyConfigs":[
            {
                "actionType":1,
                "isLeft":false,
                "isOculus":false,
                "isTouch":false,
                "keyCode":32,
                "keyIndex":2,
                "keyName":null,
                "type":0
            }
        ],
        "LipSyncMaxLevel":1,
        "Name":"ロックンロール",
        "OnlyPress":false,
        "SoftChange":false,
        "StopBlink":false
    },{
        "FaceAction":false,
        "FaceNames":null,
        "FaceStrength":null,
        "Function":0,
        "FunctionAction":false,
        "Hand":1,
        "HandAction":true,
        "HandAngles":[
            -90,-90,-90,0,-90,-90,-90,0,-74,-89,-75,0,-2,-2,-2,0,55,33,-9,4
        ],
        "HandChangeTime":0.1,
        "IsKeyUp":false,
        "KeyConfigs":[
            {
                "actionType":1,
                "isLeft":false,
                "isOculus":false,
                "isTouch":false,
                "keyCode":32,
                "keyIndex":3,
                "keyName":null,
                "type":0
            }
        ],
        "LipSyncMaxLevel":1,
        "Name":"銃",
        "OnlyPress":false,
        "SoftChange":false,
        "StopBlink":false
    },{
        "FaceAction":false,
        "FaceNames":null,
        "FaceStrength":null,
        "Function":0,
        "FunctionAction":false,
        "Hand":1,
        "HandAction":true,
        "HandAngles":[
            -90,-90,-90,0,-90,-90,-90,0,-90,-90,-90,0,-90,-90,-90,0,55,33,-9,4
        ],
        "HandChangeTime":0.1,
        "IsKeyUp":false,
        "KeyConfigs":[
            {
                "actionType":1,
                "isLeft":false,
                "isOculus":false,
                "isTouch":false,
                "keyCode":32,
                "keyIndex":4,
                "keyName":null,
                "type":0
            }
        ],
        "LipSyncMaxLevel":1,
        "Name":"サムズアップ",
        "OnlyPress":false,
        "SoftChange":false,
        "StopBlink":false
    },{
        "FaceAction":false,
        "FaceNames":null,
        "FaceStrength":null,
        "Function":0,
        "FunctionAction":false,
        "Hand":1,
        "HandAction":true,
        "HandAngles":[
            -82,-90,-90,3,-42,-90,-90,3,-25,-92,-90,10,-7,-7,0,-8,-90,-90,12,34
        ],
        "HandChangeTime":0.1,
        "IsKeyUp":false,
        "KeyConfigs":[
            {
                "actionType":1,
                "isLeft":false,
                "isOculus":false,
                "isTouch":false,
                "keyCode":32,
                "keyIndex":5,
                "keyName":null,
                "type":0
            }
        ],
        "LipSyncMaxLevel":1,
        "Name":"指差し",
        "OnlyPress":false,
        "SoftChange":false,
        "StopBlink":false
    },{
        "FaceAction":false,
        "FaceNames":null,
        "FaceStrength":null,
        "Function":0,
        "FunctionAction":false,
        "Hand":1,
        "HandAction":true,
        "HandAngles":[
            -90,-90,-90,0,-90,-90,-90,0,-90,-90,-90,0,-90,-90,-90,0,-90,-90,2,10
        ],
        "HandChangeTime":0.1,
        "IsKeyUp":false,
        "KeyConfigs":[
            {
                "actionType":1,
                "isLeft":false,
                "isOculus":false,
                "isTouch":false,
                "keyCode":32,
                "keyIndex":6,
                "keyName":null,
                "type":0
            }
        ],
        "LipSyncMaxLevel":1,
        "Name":"グー",
        "OnlyPress":false,
        "SoftChange":false,
        "StopBlink":false
    },{
        "FaceAction":false,
        "FaceNames":null,
        "FaceStrength":null,
        "Function":0,
        "FunctionAction":false,
        "Hand":0,
        "HandAction":true,
        "HandAngles":[
            -44,-69,-31,0,-34,-76,-31,0,-37,-73,-33,0,-36,-58,-36,5,-77,-47,-15,19
        ],
        "HandChangeTime":0.1,
        "IsKeyUp":false,
        "KeyConfigs":[
            {
                "actionType":1,
                "isLeft":true,
                "isOculus":false,
                "isTouch":false,
                "keyCode":33,
                "keyIndex":-1,
                "keyName":null,
                "type":0
            }
        ],
        "LipSyncMaxLevel":1,
        "Name":"持つ",
        "OnlyPress":false,
        "SoftChange":false,
        "StopBlink":false
    },{
        "FaceAction":false,
        "FaceNames":null,
        "FaceStrength":null,
        "Function":0,
        "FunctionAction":false,
        "Hand":0,
        "HandAction":true,
        "HandAngles":[
            0,0,0,0,0,0,0,0,0,0,0,0,0,0,0,0,0,0,0,0
        ],
        "HandChangeTime":0.1,
        "IsKeyUp":true,
        "KeyConfigs":[
            {
                "actionType":1,
                "isLeft":true,
                "isOculus":false,
                "isTouch":false,
                "keyCode":33,
                "keyIndex":-1,
                "keyName":null,
                "type":0
            }
        ],
        "LipSyncMaxLevel":1,
        "Name":"デフォルト",
        "OnlyPress":false,
        "SoftChange":false,
        "StopBlink":false
    },{
        "FaceAction":false,
        "FaceNames":null,
        "FaceStrength":null,
        "Function":0,
        "FunctionAction":false,
        "Hand":1,
        "HandAction":true,
        "HandAngles":[
            -44,-69,-31,0,-34,-76,-31,0,-37,-73,-33,0,-36,-58,-36,5,-77,-47,-15,19
        ],
        "HandChangeTime":0.1,
        "IsKeyUp":false,
        "KeyConfigs":[
            {
                "actionType":1,
                "isLeft":false,
                "isOculus":false,
                "isTouch":false,
                "keyCode":33,
                "keyIndex":-1,
                "keyName":null,
                "type":0
            }
        ],
        "LipSyncMaxLevel":1,
        "Name":"持つ",
        "OnlyPress":false,
        "SoftChange":false,
        "StopBlink":false
    },{
        "FaceAction":false,
        "FaceNames":null,
        "FaceStrength":null,
        "Function":0,
        "FunctionAction":false,
        "Hand":1,
        "HandAction":true,
        "HandAngles":[
            0,0,0,0,0,0,0,0,0,0,0,0,0,0,0,0,0,0,0,0
        ],
        "HandChangeTime":0.1,
        "IsKeyUp":true,
        "KeyConfigs":[
            {
                "actionType":1,
                "isLeft":false,
                "isOculus":false,
                "isTouch":false,
                "keyCode":33,
                "keyIndex":-1,
                "keyName":null,
                "type":0
            }
        ],
        "LipSyncMaxLevel":1,
        "Name":"デフォルト",
        "OnlyPress":false,
        "SoftChange":false,
        "StopBlink":false
    },{
        "FaceAction":false,
        "FaceNames":null,
        "FaceStrength":null,
        "Function":0,
        "FunctionAction":false,
        "Hand":0,
        "HandAction":true,
        "HandAngles":[
            3,0,4,10,0,4,2,7,0,5,1,2,-2,-1,0,-6,10,10,10,10
        ],
        "HandChangeTime":0.1,
        "IsKeyUp":false,
        "KeyConfigs":[
            {
                "actionType":1,
                "isLeft":true,
                "isOculus":false,
                "isTouch":false,
                "keyCode":2,
                "keyIndex":-1,
                "keyName":null,
                "type":0
            }
        ],
        "LipSyncMaxLevel":1,
        "Name":"パー",
        "OnlyPress":false,
        "SoftChange":false,
        "StopBlink":false
    },{
        "FaceAction":false,
        "FaceNames":null,
        "FaceStrength":null,
        "Function":0,
        "FunctionAction":false,
        "Hand":1,
        "HandAction":true,
        "HandAngles":[
            3,0,4,10,0,4,2,7,0,5,1,2,-2,-1,0,-6,10,10,10,10
        ],
        "HandChangeTime":0.1,
        "IsKeyUp":false,
        "KeyConfigs":[
            {
                "actionType":1,
                "isLeft":false,
                "isOculus":false,
                "isTouch":false,
                "keyCode":2,
                "keyIndex":-1,
                "keyName":null,
                "type":0
            }
        ],
        "LipSyncMaxLevel":1,
        "Name":"パー",
        "OnlyPress":false,
        "SoftChange":false,
        "StopBlink":false
    },{
        "FaceAction":false,
        "FaceNames":null,
        "FaceStrength":null,
        "Function":0,
        "FunctionAction":false,
        "Hand":0,
        "HandAction":true,
        "HandAngles":[
            0,0,0,0,0,0,0,0,0,0,0,0,0,0,0,0,0,0,0,0
        ],
        "HandChangeTime":0.1,
        "IsKeyUp":true,
        "KeyConfigs":[
            {
                "actionType":1,
                "isLeft":true,
                "isOculus":false,
                "isTouch":false,
                "keyCode":2,
                "keyIndex":-1,
                "keyName":null,
                "type":0
            }
        ],
        "LipSyncMaxLevel":1,
        "Name":"デフォルト",
        "OnlyPress":false,
        "SoftChange":false,
        "StopBlink":false
    },{
        "FaceAction":false,
        "FaceNames":null,
        "FaceStrength":null,
        "Function":0,
        "FunctionAction":false,
        "Hand":1,
        "HandAction":true,
        "HandAngles":[
            0,0,0,0,0,0,0,0,0,0,0,0,0,0,0,0,0,0,0,0
        ],
        "HandChangeTime":0.1,
        "IsKeyUp":true,
        "KeyConfigs":[
            {
                "actionType":1,
                "isLeft":false,
                "isOculus":false,
                "isTouch":false,
                "keyCode":2,
                "keyIndex":-1,
                "keyName":null,
                "type":0
            }
        ],
        "LipSyncMaxLevel":1,
        "Name":"デフォルト",
        "OnlyPress":false,
        "SoftChange":false,
        "StopBlink":false
    },{
        "FaceAction":true,
        "FaceNames":[
            "JOY"
        ],
        "FaceStrength":[
            1
        ],
        "Function":0,
        "FunctionAction":false,
        "Hand":0,
        "HandAction":false,
        "HandAngles":null,
        "HandChangeTime":0.1,
        "IsKeyUp":false,
        "KeyConfigs":[
            {
                "actionType":1,
                "isLeft":true,
                "isOculus":false,
                "isTouch":false,
                "keyCode":2,
                "keyIndex":-1,
                "keyName":null,
                "type":0
            },{
                "actionType":1,
                "isLeft":true,
                "isOculus":false,
                "isTouch":false,
                "keyCode":32,
                "keyIndex":1,
                "keyName":null,
                "type":0
            }
        ],
        "LipSyncMaxLevel":0.25,
        "Name":"笑顔",
        "OnlyPress":false,
        "SoftChange":false,
        "StopBlink":true
    },{
        "FaceAction":true,
        "FaceNames":[
            "ANGRY"
        ],
        "FaceStrength":[
            1
        ],
        "Function":0,
        "FunctionAction":false,
        "Hand":0,
        "HandAction":false,
        "HandAngles":null,
        "HandChangeTime":0.1,
        "IsKeyUp":false,
        "KeyConfigs":[
            {
                "actionType":1,
                "isLeft":true,
                "isOculus":false,
                "isTouch":false,
                "keyCode":2,
                "keyIndex":-1,
                "keyName":null,
                "type":0
            },{
                "actionType":1,
                "isLeft":true,
                "isOculus":false,
                "isTouch":false,
                "keyCode":32,
                "keyIndex":2,
                "keyName":null,
                "type":0
            }
        ],
        "LipSyncMaxLevel":0.25,
        "Name":"怒り",
        "OnlyPress":false,
        "SoftChange":false,
        "StopBlink":false
    },{
        "FaceAction":true,
        "FaceNames":[
            "SORROW"
        ],
        "FaceStrength":[
            1
        ],
        "Function":0,
        "FunctionAction":false,
        "Hand":0,
        "HandAction":false,
        "HandAngles":null,
        "HandChangeTime":0.1,
        "IsKeyUp":false,
        "KeyConfigs":[
            {
                "actionType":1,
                "isLeft":true,
                "isOculus":false,
                "isTouch":false,
                "keyCode":2,
                "keyIndex":-1,
                "keyName":null,
                "type":0
            },{
                "actionType":1,
                "isLeft":true,
                "isOculus":false,
                "isTouch":false,
                "keyCode":32,
                "keyIndex":3,
                "keyName":null,
                "type":0
            }
        ],
        "LipSyncMaxLevel":0.25,
        "Name":"怖い",
        "OnlyPress":false,
        "SoftChange":false,
        "StopBlink":false
    },{
        "FaceAction":true,
        "FaceNames":[
            "FUN"
        ],
        "FaceStrength":[
            1
        ],
        "Function":0,
        "FunctionAction":false,
        "Hand":0,
        "HandAction":false,
        "HandAngles":null,
        "HandChangeTime":0.1,
        "IsKeyUp":false,
        "KeyConfigs":[
            {
                "actionType":1,
                "isLeft":true,
                "isOculus":false,
                "isTouch":false,
                "keyCode":2,
                "keyIndex":-1,
                "keyName":null,
                "type":0
            },{
                "actionType":1,
                "isLeft":true,
                "isOculus":false,
                "isTouch":false,
                "keyCode":32,
                "keyIndex":4,
                "keyName":null,
                "type":0
            }
        ],
        "LipSyncMaxLevel":0.25,
        "Name":"楽しい",
        "OnlyPress":false,
        "SoftChange":false,
        "StopBlink":true
    },{
        "FaceAction":true,
        "FaceNames":[
            "SURPRISED"
        ],
        "FaceStrength":[
            1
        ],
        "Function":0,
        "FunctionAction":false,
        "Hand":0,
        "HandAction":false,
        "HandAngles":null,
        "HandChangeTime":0.1,
        "IsKeyUp":false,
        "KeyConfigs":[
            {
                "actionType":1,
                "isLeft":true,
                "isOculus":false,
                "isTouch":false,
                "keyCode":2,
                "keyIndex":-1,
                "keyName":null,
                "type":0
            },{
                "actionType":1,
                "isLeft":true,
                "isOculus":false,
                "isTouch":false,
                "keyCode":32,
                "keyIndex":5,
                "keyName":null,
                "type":0
            }
        ],
        "LipSyncMaxLevel":0.25,
        "Name":"驚き",
        "OnlyPress":false,
        "SoftChange":false,
        "StopBlink":true
    },{
        "FaceAction":true,
        "FaceNames":[
            "BLINK_L"
        ],
        "FaceStrength":[
            1
        ],
        "Function":0,
        "FunctionAction":false,
        "Hand":0,
        "HandAction":false,
        "HandAngles":null,
        "HandChangeTime":0.1,
        "IsKeyUp":false,
        "KeyConfigs":[
            {
                "actionType":1,
                "isLeft":true,
                "isOculus":false,
                "isTouch":false,
                "keyCode":2,
                "keyIndex":-1,
                "keyName":null,
                "type":0
            },{
                "actionType":1,
                "isLeft":true,
                "isOculus":false,
                "isTouch":false,
                "keyCode":32,
                "keyIndex":6,
                "keyName":null,
                "type":0
            }
        ],
        "LipSyncMaxLevel":1,
        "Name":"ウインク(左)",
        "OnlyPress":false,
        "SoftChange":false,
        "StopBlink":true
    },{
        "FaceAction":true,
        "FaceNames":[
            "JOY"
        ],
        "FaceStrength":[
            1
        ],
        "Function":0,
        "FunctionAction":false,
        "Hand":0,
        "HandAction":false,
        "HandAngles":null,
        "HandChangeTime":0.1,
        "IsKeyUp":false,
        "KeyConfigs":[
            {
                "actionType":1,
                "isLeft":false,
                "isOculus":false,
                "isTouch":false,
                "keyCode":2,
                "keyIndex":-1,
                "keyName":null,
                "type":0
            },{
                "actionType":1,
                "isLeft":false,
                "isOculus":false,
                "isTouch":false,
                "keyCode":32,
                "keyIndex":1,
                "keyName":null,
                "type":0
            }
        ],
        "LipSyncMaxLevel":0.25,
        "Name":"笑顔",
        "OnlyPress":false,
        "SoftChange":false,
        "StopBlink":true
    },{
        "FaceAction":true,
        "FaceNames":[
            "ANGRY"
        ],
        "FaceStrength":[
            1
        ],
        "Function":0,
        "FunctionAction":false,
        "Hand":0,
        "HandAction":false,
        "HandAngles":null,
        "HandChangeTime":0.1,
        "IsKeyUp":false,
        "KeyConfigs":[
            {
                "actionType":1,
                "isLeft":false,
                "isOculus":false,
                "isTouch":false,
                "keyCode":2,
                "keyIndex":-1,
                "keyName":null,
                "type":0
            },{
                "actionType":1,
                "isLeft":false,
                "isOculus":false,
                "isTouch":false,
                "keyCode":32,
                "keyIndex":2,
                "keyName":null,
                "type":0
            }
        ],
        "LipSyncMaxLevel":0.25,
        "Name":"怒り",
        "OnlyPress":false,
        "SoftChange":false,
        "StopBlink":false
    },{
        "FaceAction":true,
        "FaceNames":[
            "SORROW"
        ],
        "FaceStrength":[
            1
        ],
        "Function":0,
        "FunctionAction":false,
        "Hand":0,
        "HandAction":false,
        "HandAngles":null,
        "HandChangeTime":0.1,
        "IsKeyUp":false,
        "KeyConfigs":[
            {
                "actionType":1,
                "isLeft":false,
                "isOculus":false,
                "isTouch":false,
                "keyCode":2,
                "keyIndex":-1,
                "keyName":null,
                "type":0
            },{
                "actionType":1,
                "isLeft":false,
                "isOculus":false,
                "isTouch":false,
                "keyCode":32,
                "keyIndex":3,
                "keyName":null,
                "type":0
            }
        ],
        "LipSyncMaxLevel":0.25,
        "Name":"怖い",
        "OnlyPress":false,
        "SoftChange":false,
        "StopBlink":false
    },{
        "FaceAction":true,
        "FaceNames":[
            "FUN"
        ],
        "FaceStrength":[
            1
        ],
        "Function":0,
        "FunctionAction":false,
        "Hand":0,
        "HandAction":false,
        "HandAngles":null,
        "HandChangeTime":0.1,
        "IsKeyUp":false,
        "KeyConfigs":[
            {
                "actionType":1,
                "isLeft":false,
                "isOculus":false,
                "isTouch":false,
                "keyCode":2,
                "keyIndex":-1,
                "keyName":null,
                "type":0
            },{
                "actionType":1,
                "isLeft":false,
                "isOculus":false,
                "isTouch":false,
                "keyCode":32,
                "keyIndex":4,
                "keyName":null,
                "type":0
            }
        ],
        "LipSyncMaxLevel":0.25,
        "Name":"楽しい",
        "OnlyPress":false,
        "SoftChange":false,
        "StopBlink":true
    },{
        "FaceAction":true,
        "FaceNames":[
            "SURPRISED"
        ],
        "FaceStrength":[
            1
        ],
        "Function":0,
        "FunctionAction":false,
        "Hand":0,
        "HandAction":false,
        "HandAngles":null,
        "HandChangeTime":0.1,
        "IsKeyUp":false,
        "KeyConfigs":[
            {
                "actionType":1,
                "isLeft":false,
                "isOculus":false,
                "isTouch":false,
                "keyCode":2,
                "keyIndex":-1,
                "keyName":null,
                "type":0
            },{
                "actionType":1,
                "isLeft":false,
                "isOculus":false,
                "isTouch":false,
                "keyCode":32,
                "keyIndex":5,
                "keyName":null,
                "type":0
            }
        ],
        "LipSyncMaxLevel":0.25,
        "Name":"驚き",
        "OnlyPress":false,
        "SoftChange":false,
        "StopBlink":true
    },{
        "FaceAction":true,
        "FaceNames":[
            "BLINK_R"
        ],
        "FaceStrength":[
            1
        ],
        "Function":0,
        "FunctionAction":false,
        "Hand":0,
        "HandAction":false,
        "HandAngles":null,
        "HandChangeTime":0.1,
        "IsKeyUp":false,
        "KeyConfigs":[
            {
                "actionType":1,
                "isLeft":false,
                "isOculus":false,
                "isTouch":false,
                "keyCode":2,
                "keyIndex":-1,
                "keyName":null,
                "type":0
            },{
                "actionType":1,
                "isLeft":false,
                "isOculus":false,
                "isTouch":false,
                "keyCode":32,
                "keyIndex":6,
                "keyName":null,
                "type":0
            }
        ],
        "LipSyncMaxLevel":1,
        "Name":"ウインク(右)",
        "OnlyPress":false,
        "SoftChange":false,
        "StopBlink":true
    },{
        "FaceAction":true,
        "FaceNames":[
            "NEUTRAL"
        ],
        "FaceStrength":[
            1
        ],
        "Function":0,
        "FunctionAction":false,
        "Hand":0,
        "HandAction":false,
        "HandAngles":null,
        "HandChangeTime":0.1,
        "IsKeyUp":false,
        "KeyConfigs":[
            {
                "actionType":1,
                "isLeft":true,
                "isOculus":false,
                "isTouch":false,
                "keyCode":2,
                "keyIndex":-1,
                "keyName":null,
                "type":0
            }
        ],
        "LipSyncMaxLevel":1,
        "Name":"デフォルト",
        "OnlyPress":false,
        "SoftChange":false,
        "StopBlink":false
    },{
        "FaceAction":true,
        "FaceNames":[
            "NEUTRAL"
        ],
        "FaceStrength":[
            1
        ],
        "Function":0,
        "FunctionAction":false,
        "Hand":0,
        "HandAction":false,
        "HandAngles":null,
        "HandChangeTime":0.1,
        "IsKeyUp":false,
        "KeyConfigs":[
            {
                "actionType":1,
                "isLeft":false,
                "isOculus":false,
                "isTouch":false,
                "keyCode":2,
                "keyIndex":-1,
                "keyName":null,
                "type":0
            }
        ],
        "LipSyncMaxLevel":1,
        "Name":"デフォルト",
        "OnlyPress":false,
        "SoftChange":false,
        "StopBlink":false
    }
]